kappa,gamma,alpha_(1-gamma),R_squared
3230.296187259583,0.10184192884672746,0.8981580711532725,0.9891510476047174
