Compartment,Gene_count,Percentage
Cloud,3086,48.51438453073416
Core,1991,31.30011004559032
Shell,1205,18.943562332966515
Soft-core,79,1.241943090709008
