compartment_v2,AMINOGLYCOSIDE,BETA-LACTAM,LINCOSAMIDE/MACROLIDE/STREPTOGRAMIN,PHENICOL,QUATERNARY AMMONIUM,SULFONAMIDE,TETRACYCLINE
Core,0.0,0.0,0.0,0.0,0.0,0.0,0.0
Shell,0.42105263157894735,0.05263157894736842,0.10526315789473684,0.05263157894736842,0.10526315789473684,0.10526315789473684,0.15789473684210525
Cloud,0.5,0.125,0.0,0.0625,0.125,0.0,0.1875
