compartment_v2,0
Cloud,0.005184705119896306
Core,
Shell,0.015767634854771784
